canvas_w	canvas_h	dab_radius_px	event_count	stroke_duration_ms	wall_total_ms	behind_by_ms	max_event_behind_ms	cpu_median_us	cpu_p95_us	cpu_max_us	submit_median_us	submit_p95_us	submit_max_us	dispatches_per_event_avg	dabs_per_event_avg	union_bbox_area_per_event_avg
1280	720	1	204	3536.000	3580.335	44.335	32.095	13337.00	31301.60	46395	10891.00	26858.40	40676	9.294	321.319	5045
1280	720	10	204	3536.000	3563.862	27.862	24.891	12871.00	31838.20	42722	10582.00	26081.20	37709	9.294	321.392	9657
1280	720	100	204	3536.000	3587.922	51.922	26.523	12982.00	34336.00	42051	10443.00	29944.20	35281	9.294	321.623	138510
1280	720	250	204	3536.000	3545.251	9.251	17.424	8241.00	14033.20	38824	6221.00	11056.40	16985	9.279	128.711	680437
1280	720	500	204	3536.000	3542.909	6.909	19.748	7065.00	11092.60	33948	5105.00	8287.00	12001	9.245	64.382	2422480
1280	720	1000	204	3536.000	3543.468	7.468	19.310	5697.00	9502.40	33610	3951.00	6665.40	8475	9.088	32.196	7118897
1280	720	2000	204	3536.000	3542.473	6.473	23.233	4071.00	8005.00	37533	2661.00	4829.00	20424	8.593	16.098	11577355
1920	1080	1	204	3536.000	4625.253	1089.253	71.915	19789.00	44873.80	86215	16829.00	38702.20	52437	9.529	490.789	11047
1920	1080	10	204	3536.000	4656.512	1120.512	63.515	19949.00	46128.20	77815	16563.00	40096.60	63288	9.529	490.868	17606
1920	1080	100	204	3536.000	4672.277	1136.277	67.771	20114.00	46737.20	82071	16537.00	40861.80	63251	9.529	491.216	168000
1920	1080	250	204	3536.000	3543.710	7.710	33.379	9607.00	19817.20	47679	7477.00	16878.80	22607	9.529	196.500	755875
1920	1080	500	204	3536.000	3545.027	9.027	21.592	8119.00	13524.80	42592	6089.00	10829.00	16675	9.515	98.240	2662042
1920	1080	1000	204	3536.000	3542.198	6.198	28.506	6870.00	26177.00	49606	4798.00	18357.20	36888	9.456	49.108	9403668
1920	1080	2000	204	3536.000	3778.047	242.047	30.237	8669.00	34280.00	44337	3639.00	27832.80	40703	9.201	24.534	23191842
2560	1440	1	204	3536.000	6150.803	2614.803	67.736	27055.00	63275.00	89236	22409.00	55580.20	79386	9.784	666.696	19325
2560	1440	10	204	3536.000	6208.623	2672.623	62.866	27588.00	65625.80	84366	22528.00	59015.20	74164	9.784	666.770	27885
2560	1440	100	204	3536.000	6253.709	2717.709	73.561	27159.00	64775.00	88990	22813.00	55373.40	78745	9.784	667.186	200680
2560	1440	250	204	3536.000	3546.242	10.242	28.191	11675.00	29246.60	49591	9265.00	22192.40	32513	9.789	266.941	835428
2560	1440	500	204	3536.000	3545.151	9.151	40.126	8457.00	22210.40	54426	6387.00	14714.40	29681	9.779	133.397	2850319
2560	1440	1000	204	3536.000	4048.870	512.870	41.014	15655.00	41106.80	57284	5723.00	30165.40	53553	9.730	66.701	10157781
2560	1440	2000	204	3536.000	5512.457	1976.457	50.075	26818.00	51699.60	67826	19898.00	47641.60	65705	9.618	33.373	29505117
3840	2160	1	204	3536.000	9387.090	5851.090	119.407	42908.00	95423.80	135048	35299.00	83653.20	119845	10.049	1021.328	43330
3840	2160	10	204	3536.000	9473.836	5937.836	121.718	42783.00	95511.00	138502	35534.00	82982.60	122617	10.049	1021.402	55983
3840	2160	100	204	3536.000	9504.729	5968.729	122.997	44185.00	95953.00	137297	36743.00	82299.60	110990	10.049	1021.936	271515
3840	2160	250	204	3536.000	4087.785	551.785	48.982	17205.00	41345.20	67140	13807.00	34047.20	42781	10.039	408.828	985558
3840	2160	500	204	3536.000	3916.718	380.718	50.389	11647.00	38708.20	64589	8335.00	33326.40	59380	10.039	204.328	3161777
3840	2160	1000	204	3536.000	5941.440	2405.440	64.612	26966.00	60385.80	80756	8119.00	47242.80	76502	10.020	102.196	11130238
3840	2160	2000	204	3536.000	9801.170	6265.170	199.436	47541.00	98687.40	213736	28799.00	63197.60	120615	9.951	51.069	38163772
