canvas_w	canvas_h	dab_radius_px	event_count	stroke_duration_ms	wall_total_ms	behind_by_ms	max_event_behind_ms	cpu_median_us	cpu_p95_us	cpu_max_us	submit_median_us	submit_p95_us	submit_max_us	flushes_per_event_avg	dispatches_per_event_avg	dabs_per_event_avg	union_bbox_area_per_event_avg
1280	720	1	204	3536.000	3542.994	6.994	3.597	6294.00	9044.60	11084	1988.00	2828.20	4426	9.304	9.304	321.441	5049
1280	720	10	204	3536.000	3540.594	4.594	2.698	5921.00	9122.00	11298	1901.00	3124.40	4330	9.304	9.304	321.515	9660
1280	720	100	204	3536.000	3544.949	8.949	2.708	3936.00	6721.20	9759	1982.00	3314.20	5298	9.098	9.098	32.255	124903
1280	720	250	204	3536.000	3544.799	8.799	27.598	3728.00	5051.40	41798	2103.00	2652.40	4916	8.167	8.167	12.951	551799
1280	720	500	204	3536.000	3544.768	8.768	22.906	3437.00	5163.20	37206	1944.00	2718.20	4234	5.873	5.873	6.495	1452269
1280	720	1000	204	3536.000	3546.291	10.291	22.950	3290.00	5714.80	37250	1800.00	3087.60	3813	3.230	3.230	3.265	2467817
1280	720	2000	204	3536.000	3544.975	8.975	21.748	2981.00	4886.60	36048	1641.00	2616.60	3425	1.652	1.652	1.652	2221146
1920	1080	1	204	3536.000	3540.151	4.151	36.602	6578.00	9992.60	50902	1808.00	2490.80	3322	9.544	9.544	490.931	11052
1920	1080	10	204	3536.000	3543.972	7.972	19.638	6607.00	13569.20	33938	1819.00	3525.20	5543	9.544	9.544	491.010	17614
1920	1080	100	204	3536.000	3542.321	6.321	25.998	4378.00	6953.60	40298	2253.00	3514.40	4500	9.466	9.466	49.167	154293
1920	1080	250	204	3536.000	3545.691	9.691	21.495	3925.00	6427.40	35795	2124.00	3250.20	4143	9.039	9.039	19.716	657283
1920	1080	500	204	3536.000	3546.194	10.194	28.613	3881.00	6562.60	49613	2044.00	3614.20	8697	7.529	7.529	9.897	1956006
1920	1080	1000	204	3536.000	3539.317	3.317	21.818	3518.00	5495.00	46241	2020.00	3060.60	4159	4.740	4.740	4.951	4533434
1920	1080	2000	204	3536.000	3543.085	7.085	20.681	3312.00	4430.00	34881	1878.00	2534.20	5247	2.505	2.505	2.505	6227740
2560	1440	1	204	3536.000	3538.281	2.281	18.174	7344.00	12440.20	36720	1762.00	3026.60	3896	9.804	9.804	666.804	19337
2560	1440	10	204	3536.000	3542.052	6.052	18.558	7167.00	12101.20	36063	1734.00	3065.60	4487	9.804	9.804	666.877	27891
2560	1440	100	204	3536.000	3540.883	4.883	23.235	4470.00	6817.60	39492	2239.00	3072.60	12754	9.740	9.740	66.750	185965
2560	1440	250	204	3536.000	3543.190	7.190	14.704	4054.00	6434.00	36104	2184.00	3394.40	4467	9.520	9.520	26.725	744555
2560	1440	500	204	3536.000	3544.326	8.326	24.453	3777.00	5380.40	38753	2056.00	2895.60	4064	8.554	8.554	13.304	2294980
2560	1440	1000	204	3536.000	3543.257	7.257	29.304	3694.00	6047.00	43604	2074.00	3197.20	3828	6.049	6.049	6.662	5964365
2560	1440	2000	204	3536.000	3545.470	9.470	3.328	3905.00	6193.40	37449	2206.00	3309.40	5248	3.279	3.279	3.319	9826570
3840	2160	1	204	3536.000	3540.094	4.094	24.953	7654.00	13127.40	39053	1410.00	2250.80	3024	10.059	10.059	1021.412	43332
3840	2160	10	204	3536.000	3543.171	7.171	20.690	7369.00	13750.20	40134	1438.00	2349.20	3301	10.059	10.059	1021.485	55986
3840	2160	100	204	3536.000	3538.133	2.133	33.726	5289.00	9326.60	48026	2224.00	3786.00	11300	10.029	10.029	102.230	254862
3840	2160	250	204	3536.000	3544.214	8.214	24.616	4218.00	6415.60	38616	2160.00	3148.40	3711	9.941	9.941	40.902	897561
3840	2160	500	204	3536.000	3546.891	10.891	23.747	4173.00	5577.80	45147	2356.00	2960.60	4518	9.525	9.525	20.485	2747457
3840	2160	1000	204	3536.000	3542.808	6.808	28.029	4869.00	8220.20	42029	2659.00	3875.60	5825	7.892	7.892	10.265	8139388
3840	2160	2000	204	3536.000	3580.357	44.357	33.042	5743.00	23779.40	68542	2922.00	17853.80	20397	4.941	4.941	5.132	18152638
